0,0,0,0,0,0,0,0,0,0,0,0
0,0,0,0,0,0,0,0,0,0,0,0
0,0,0,0,0,0,0,0,0,0,0,0
0,0,0,0,0,0,0,0,0,0,0,0
0,0,0,0,0,0,0,0,0,0,0,0
0,0,0,0,0,0,0,0,0,0,0,0
0,0,0,0,0,0,0,0,0,0,0,0
0,0,0,0,0,0,0,0,0,0,0,0
0,0,0,0,0,0,0,0,0,0,0,0
0,0,0,0,0,0,0,0,0,0,0,0
0,0,0,0,0,0,0,0,0,0,0,0
0,0,0,0,0,0,0,0,0,0,0,0
0,0,0,0,0,0,0,0,0,0,0,0
0,0,0,0,0,0,0,0,0,0,0,0
0,0,0,0,0,0,0,0,0,0,0,0
0,0,0,0,0,0,0,0,0,0,0,0
0,0,0,0,0,0,0,0,0,0,0,0
0,0,0,0,0,0,0,0,0,0,0,0
0,0,0,0,0,0,0,0,0,0,0,0
0,0,0,0,0,0,0,0,0,0,0,0
0.025250501,0,0,0,0,0,0,0,0,0,0,0
0.056513026,0,0,0,0,0,0,0,0,0,0,0
0.087775551,0,0,0,0,0,0,0,0,0,0,0
0.119038076,0,0,0,0,0,0,0,0,0,0,0
0.150300601,0,0,0,0,0,0,0,0,0,0,0
0.181563127,0,0,0,0,0,0,0,0,0,0,0
0.212825652,0,0,0,0,0,0,0,0,0,0,0
0.244088177,0,0,0,0,0,0,0,0,0,0,0
0.275350702,0,0,0,0,0,0,0,0,0,0,0
0.306613227,0,0,0,0,0,0,0,0,0,0,0
0.337875752,0,0,0,0,0,0,0,0,0,0,0
0.369138277,0,0,0,0,0,0,0,0,0,0,0
0.400400802,0,0,0,0,0,0,0,0,0,0,0
0.431663327,0,0,0,0,0,0,0,0,0,0,0
0.462925852,0,0,0,0,0,0,0,0,0,0,0
0.494188377,0,0,0,0,0,0,0,0,0,0,0
0.525450902,0,0,0,0,0,0,0,0,0,0,0
0.556713427,0,0,0,0,0,0,0,0,0,0,0
0.587975952,0,0,0,0,0,0,0,0,0,0,0
0.6,0.019238477,0,0,0,0,0,0,0,0,0,0
0.6,0.050501002,0,0,0,0,0,0,0,0,0,0
0.6,0.081763527,0,0,0,0,0,0,0,0,0,0
0.6,0.113026052,0,0,0,0,0,0,0,0,0,0
0.6,0.144288577,0,0,0,0,0,0,0,0,0,0
0.6,0.175551102,0,0,0,0,0,0,0,0,0,0
0.6,0.206813628,0,0,0,0,0,0,0,0,0,0
0.6,0.238076153,0,0,0,0,0,0,0,0,0,0
0.6,0.269338678,0,0,0,0,0,0,0,0,0,0
0.6,0.300601203,0,0,0,0,0,0,0,0,0,0
0.6,0.331863728,0,0,0,0,0,0,0,0,0,0
0.6,0.363126253,0,0,0,0,0,0,0,0,0,0
0.6,0.394388778,0,0,0,0,0,0,0,0,0,0
0.6,0.425651303,0,0,0,0,0,0,0,0,0,0
0.6,0.456913828,0,0,0,0,0,0,0,0,0,0
0.6,0.488176353,0,0,0,0,0,0,0,0,0,0
0.6,0.519438878,0,0,0,0,0,0,0,0,0,0
0.6,0.550701403,0,0,0,0,0,0,0,0,0,0
0.6,0.581963928,0,0,0,0,0,0,0,0,0,0
0.6,0.6,0.013226453,0,0,0,0,0,0,0,0,0
0.6,0.6,0.044488978,0,0,0,0,0,0,0,0,0
0.6,0.6,0.075751503,0,0,0,0,0,0,0,0,0
0.6,0.6,0.107014028,0,0,0,0,0,0,0,0,0
0.6,0.6,0.138276553,0,0,0,0,0,0,0,0,0
0.6,0.6,0.169539078,0,0,0,0,0,0,0,0,0
0.6,0.6,0.200801603,0,0,0,0,0,0,0,0,0
0.6,0.6,0.232064129,0,0,0,0,0,0,0,0,0
0.6,0.6,0.263326654,0,0,0,0,0,0,0,0,0
0.6,0.6,0.294589179,0,0,0,0,0,0,0,0,0
0.6,0.6,0.325851704,0,0,0,0,0,0,0,0,0
0.6,0.6,0.357114229,0,0,0,0,0,0,0,0,0
0.6,0.6,0.388376754,0,0,0,0,0,0,0,0,0
0.6,0.6,0.419639279,0,0,0,0,0,0,0,0,0
0.6,0.6,0.450901804,0,0,0,0,0,0,0,0,0
0.6,0.6,0.482164329,0,0,0,0,0,0,0,0,0
0.6,0.6,0.513426854,0,0,0,0,0,0,0,0,0
0.6,0.6,0.544689379,0,0,0,0,0,0,0,0,0
0.6,0.6,0.575951904,0,0,0,0,0,0,0,0,0
0.6,0.6,0.6,0.007214429,0,0,0,0,0,0,0,0
0.6,0.6,0.6,0.038476954,0,0,0,0,0,0,0,0
0.6,0.6,0.6,0.069739479,0,0,0,0,0,0,0,0
0.6,0.6,0.6,0.101002004,0,0,0,0,0,0,0,0
0.6,0.6,0.6,0.132264529,0,0,0,0,0,0,0,0
0.6,0.6,0.6,0.163527054,0,0,0,0,0,0,0,0
0.6,0.6,0.6,0.194789579,0,0,0,0,0,0,0,0
0.6,0.6,0.6,0.226052104,0,0,0,0,0,0,0,0
0.6,0.6,0.6,0.25731463,0,0,0,0,0,0,0,0
0.6,0.6,0.6,0.288577155,0,0,0,0,0,0,0,0
0.6,0.6,0.6,0.31983968,0,0,0,0,0,0,0,0
0.6,0.6,0.6,0.351102205,0,0,0,0,0,0,0,0
0.6,0.6,0.6,0.38236473,0,0,0,0,0,0,0,0
0.6,0.6,0.6,0.413627255,0,0,0,0,0,0,0,0
0.6,0.6,0.6,0.44488978,0,0,0,0,0,0,0,0
0.6,0.6,0.6,0.476152305,0,0,0,0,0,0,0,0
0.6,0.6,0.6,0.50741483,0,0,0,0,0,0,0,0
0.6,0.6,0.6,0.538677355,0,0,0,0,0,0,0,0
0.6,0.6,0.6,0.56993988,0,0,0,0,0,0,0,0
0.6,0.6,0.6,0.6,0.001202405,0,0,0,0,0,0,0
0.6,0.6,0.6,0.6,0.03246493,0,0,0,0,0,0,0
0.6,0.6,0.6,0.6,0.063727455,0,0,0,0,0,0,0
0.6,0.6,0.6,0.6,0.09498998,0,0,0,0,0,0,0
0.6,0.6,0.6,0.6,0.126252505,0,0,0,0,0,0,0
0.6,0.6,0.6,0.6,0.15751503,0,0,0,0,0,0,0
0.6,0.6,0.6,0.6,0.188777555,0,0,0,0,0,0,0
0.6,0.6,0.6,0.6,0.22004008,0,0,0,0,0,0,0
0.6,0.6,0.6,0.6,0.251302605,0,0,0,0,0,0,0
0.6,0.6,0.6,0.6,0.282565131,0,0,0,0,0,0,0
0.6,0.6,0.6,0.6,0.313827656,0,0,0,0,0,0,0
0.6,0.6,0.6,0.6,0.345090181,0,0,0,0,0,0,0
0.6,0.6,0.6,0.6,0.376352706,0,0,0,0,0,0,0
0.6,0.6,0.6,0.6,0.407615231,0,0,0,0,0,0,0
0.6,0.6,0.6,0.6,0.438877756,0,0,0,0,0,0,0
0.6,0.6,0.6,0.6,0.470140281,0,0,0,0,0,0,0
0.6,0.6,0.6,0.6,0.501402806,0,0,0,0,0,0,0
0.6,0.6,0.6,0.6,0.532665331,0,0,0,0,0,0,0
0.6,0.6,0.6,0.6,0.563927856,0,0,0,0,0,0,0
0.6,0.6,0.6,0.6,0.595190381,0,0,0,0,0,0,0
0.6,0.6,0.6,0.6,0.6,0.026452906,0,0,0,0,0,0
0.6,0.6,0.6,0.6,0.6,0.057715431,0,0,0,0,0,0
0.6,0.6,0.6,0.6,0.6,0.088977956,0,0,0,0,0,0
0.6,0.6,0.6,0.6,0.6,0.120240481,0,0,0,0,0,0
0.6,0.6,0.6,0.6,0.6,0.151503006,0,0,0,0,0,0
0.6,0.6,0.6,0.6,0.6,0.182765531,0,0,0,0,0,0
0.6,0.6,0.6,0.6,0.6,0.214028056,0,0,0,0,0,0
0.6,0.6,0.6,0.6,0.6,0.245290581,0,0,0,0,0,0
0.6,0.6,0.6,0.6,0.6,0.276553106,0,0,0,0,0,0
0.6,0.6,0.6,0.6,0.6,0.307815632,0,0,0,0,0,0
0.6,0.6,0.6,0.6,0.6,0.339078157,0,0,0,0,0,0
0.6,0.6,0.6,0.6,0.6,0.370340682,0,0,0,0,0,0
0.6,0.6,0.6,0.6,0.6,0.401603207,0,0,0,0,0,0
0.6,0.6,0.6,0.6,0.6,0.432865732,0,0,0,0,0,0
0.6,0.6,0.6,0.6,0.6,0.464128257,0,0,0,0,0,0
0.6,0.6,0.6,0.6,0.6,0.495390782,0,0,0,0,0,0
0.6,0.6,0.6,0.6,0.6,0.526653307,0,0,0,0,0,0
0.6,0.6,0.6,0.6,0.6,0.557915832,0,0,0,0,0,0
0.6,0.6,0.6,0.6,0.6,0.589178357,0,0,0,0,0,0
0.6,0.6,0.6,0.6,0.6,0.6,0.020440882,0,0,0,0,0
0.6,0.6,0.6,0.6,0.6,0.6,0.051703407,0,0,0,0,0
0.6,0.6,0.6,0.6,0.6,0.6,0.082965932,0,0,0,0,0
0.6,0.6,0.6,0.6,0.6,0.6,0.114228457,0,0,0,0,0
0.6,0.6,0.6,0.6,0.6,0.6,0.145490982,0,0,0,0,0
0.6,0.6,0.6,0.6,0.6,0.6,0.176753507,0,0,0,0,0
0.6,0.6,0.6,0.6,0.6,0.6,0.208016032,0,0,0,0,0
0.6,0.6,0.6,0.6,0.6,0.6,0.239278557,0,0,0,0,0
0.6,0.6,0.6,0.6,0.6,0.6,0.270541082,0,0,0,0,0
0.6,0.6,0.6,0.6,0.6,0.6,0.301803607,0,0,0,0,0
0.6,0.6,0.6,0.6,0.6,0.6,0.333066133,0,0,0,0,0
0.6,0.6,0.6,0.6,0.6,0.6,0.364328658,0,0,0,0,0
0.6,0.6,0.6,0.6,0.6,0.6,0.395591183,0,0,0,0,0
0.6,0.6,0.6,0.6,0.6,0.6,0.426853708,0,0,0,0,0
0.6,0.6,0.6,0.6,0.6,0.6,0.458116233,0,0,0,0,0
0.6,0.6,0.6,0.6,0.6,0.6,0.489378758,0,0,0,0,0
0.6,0.6,0.6,0.6,0.6,0.6,0.520641283,0,0,0,0,0
0.6,0.6,0.6,0.6,0.6,0.6,0.551903808,0,0,0,0,0
0.6,0.6,0.6,0.6,0.6,0.6,0.583166333,0,0,0,0,0
0.6,0.6,0.6,0.6,0.6,0.6,0.6,0.014428858,0,0,0,0
0.6,0.6,0.6,0.6,0.6,0.6,0.6,0.045691383,0,0,0,0
0.6,0.6,0.6,0.6,0.6,0.6,0.6,0.076953908,0,0,0,0
0.6,0.6,0.6,0.6,0.6,0.6,0.6,0.108216433,0,0,0,0
0.6,0.6,0.6,0.6,0.6,0.6,0.6,0.139478958,0,0,0,0
0.6,0.6,0.6,0.6,0.6,0.6,0.6,0.170741483,0,0,0,0
0.6,0.6,0.6,0.6,0.6,0.6,0.6,0.202004008,0,0,0,0
0.6,0.6,0.6,0.6,0.6,0.6,0.6,0.233266533,0,0,0,0
0.6,0.6,0.6,0.6,0.6,0.6,0.6,0.264529058,0,0,0,0
0.6,0.6,0.6,0.6,0.6,0.6,0.6,0.295791583,0,0,0,0
0.6,0.6,0.6,0.6,0.6,0.6,0.6,0.327054108,0,0,0,0
0.6,0.6,0.6,0.6,0.6,0.6,0.6,0.358316634,0,0,0,0
0.6,0.6,0.6,0.6,0.6,0.6,0.6,0.389579159,0,0,0,0
0.6,0.6,0.6,0.6,0.6,0.6,0.6,0.420841684,0,0,0,0
0.6,0.6,0.6,0.6,0.6,0.6,0.6,0.452104209,0,0,0,0
0.6,0.6,0.6,0.6,0.6,0.6,0.6,0.483366734,0,0,0,0
0.6,0.6,0.6,0.6,0.6,0.6,0.6,0.514629259,0,0,0,0
0.6,0.6,0.6,0.6,0.6,0.6,0.6,0.545891784,0,0,0,0
0.6,0.6,0.6,0.6,0.6,0.6,0.6,0.577154309,0,0,0,0
0.6,0.6,0.6,0.6,0.6,0.6,0.6,0.6,0.008416834,0,0,0
0.6,0.6,0.6,0.6,0.6,0.6,0.6,0.6,0.039679359,0,0,0
0.6,0.6,0.6,0.6,0.6,0.6,0.6,0.6,0.070941884,0,0,0
0.6,0.6,0.6,0.6,0.6,0.6,0.6,0.6,0.102204409,0,0,0
0.6,0.6,0.6,0.6,0.6,0.6,0.6,0.6,0.133466934,0,0,0
0.6,0.6,0.6,0.6,0.6,0.6,0.6,0.6,0.164729459,0,0,0
0.6,0.6,0.6,0.6,0.6,0.6,0.6,0.6,0.195991984,0,0,0
0.6,0.6,0.6,0.6,0.6,0.6,0.6,0.6,0.227254509,0,0,0
0.6,0.6,0.6,0.6,0.6,0.6,0.6,0.6,0.258517034,0,0,0
0.6,0.6,0.6,0.6,0.6,0.6,0.6,0.6,0.289779559,0,0,0
0.6,0.6,0.6,0.6,0.6,0.6,0.6,0.6,0.321042084,0,0,0
0.6,0.6,0.6,0.6,0.6,0.6,0.6,0.6,0.352304609,0,0,0
0.6,0.6,0.6,0.6,0.6,0.6,0.6,0.6,0.383567135,0,0,0
0.6,0.6,0.6,0.6,0.6,0.6,0.6,0.6,0.41482966,0,0,0
0.6,0.6,0.6,0.6,0.6,0.6,0.6,0.6,0.446092185,0,0,0
0.6,0.6,0.6,0.6,0.6,0.6,0.6,0.6,0.47735471,0,0,0
0.6,0.6,0.6,0.6,0.6,0.6,0.6,0.6,0.508617235,0,0,0
0.6,0.6,0.6,0.6,0.6,0.6,0.6,0.6,0.53987976,0,0,0
0.6,0.6,0.6,0.6,0.6,0.6,0.6,0.6,0.571142285,0,0,0
0.6,0.6,0.6,0.6,0.6,0.6,0.6,0.6,0.6,0.00240481,0,0
0.6,0.6,0.6,0.6,0.6,0.6,0.6,0.6,0.6,0.033667335,0,0
0.6,0.6,0.6,0.6,0.6,0.6,0.6,0.6,0.6,0.06492986,0,0
0.6,0.6,0.6,0.6,0.6,0.6,0.6,0.6,0.6,0.096192385,0,0
0.6,0.6,0.6,0.6,0.6,0.6,0.6,0.6,0.6,0.12745491,0,0
0.6,0.6,0.6,0.6,0.6,0.6,0.6,0.6,0.6,0.158717435,0,0
0.6,0.6,0.6,0.6,0.6,0.6,0.6,0.6,0.6,0.18997996,0,0
0.6,0.6,0.6,0.6,0.6,0.6,0.6,0.6,0.6,0.221242485,0,0
0.6,0.6,0.6,0.6,0.6,0.6,0.6,0.6,0.6,0.25250501,0,0
0.6,0.6,0.6,0.6,0.6,0.6,0.6,0.6,0.6,0.283767535,0,0
0.6,0.6,0.6,0.6,0.6,0.6,0.6,0.6,0.6,0.31503006,0,0
0.6,0.6,0.6,0.6,0.6,0.6,0.6,0.6,0.6,0.346292585,0,0
0.6,0.6,0.6,0.6,0.6,0.6,0.6,0.6,0.6,0.37755511,0,0
0.6,0.6,0.6,0.6,0.6,0.6,0.6,0.6,0.6,0.408817636,0,0
0.6,0.6,0.6,0.6,0.6,0.6,0.6,0.6,0.6,0.440080161,0,0
0.6,0.6,0.6,0.6,0.6,0.6,0.6,0.6,0.6,0.471342686,0,0
0.6,0.6,0.6,0.6,0.6,0.6,0.6,0.6,0.6,0.502605211,0,0
0.6,0.6,0.6,0.6,0.6,0.6,0.6,0.6,0.6,0.533867736,0,0
0.6,0.6,0.6,0.6,0.6,0.6,0.6,0.6,0.6,0.565130261,0,0
0.6,0.6,0.6,0.6,0.6,0.6,0.6,0.6,0.6,0.596392786,0,0
0.6,0.6,0.6,0.6,0.6,0.6,0.6,0.6,0.6,0.6,0.027655311,0
0.6,0.6,0.6,0.6,0.6,0.6,0.6,0.6,0.6,0.6,0.058917836,0
0.6,0.6,0.6,0.6,0.6,0.6,0.6,0.6,0.6,0.6,0.090180361,0
0.6,0.6,0.6,0.6,0.6,0.6,0.6,0.6,0.6,0.6,0.121442886,0
0.6,0.6,0.6,0.6,0.6,0.6,0.6,0.6,0.6,0.6,0.152705411,0
0.6,0.6,0.6,0.6,0.6,0.6,0.6,0.6,0.6,0.6,0.183967936,0
0.6,0.6,0.6,0.6,0.6,0.6,0.6,0.6,0.6,0.6,0.215230461,0
0.6,0.6,0.6,0.6,0.6,0.6,0.6,0.6,0.6,0.6,0.246492986,0
0.6,0.6,0.6,0.6,0.6,0.6,0.6,0.6,0.6,0.6,0.277755511,0
0.6,0.6,0.6,0.6,0.6,0.6,0.6,0.6,0.6,0.6,0.309018036,0
0.6,0.6,0.6,0.6,0.6,0.6,0.6,0.6,0.6,0.6,0.340280561,0
0.6,0.6,0.6,0.6,0.6,0.6,0.6,0.6,0.6,0.6,0.371543086,0
0.6,0.6,0.6,0.6,0.6,0.6,0.6,0.6,0.6,0.6,0.402805611,0
0.6,0.6,0.6,0.6,0.6,0.6,0.6,0.6,0.6,0.6,0.434068137,0
0.6,0.6,0.6,0.6,0.6,0.6,0.6,0.6,0.6,0.6,0.465330662,0
0.6,0.6,0.6,0.6,0.6,0.6,0.6,0.6,0.6,0.6,0.496593187,0
0.6,0.6,0.6,0.6,0.6,0.6,0.6,0.6,0.6,0.6,0.527855712,0
0.6,0.6,0.6,0.6,0.6,0.6,0.6,0.6,0.6,0.6,0.559118237,0
0.6,0.6,0.6,0.6,0.6,0.6,0.6,0.6,0.6,0.6,0.590380762,0
0.6,0.6,0.6,0.6,0.6,0.6,0.6,0.6,0.6,0.6,0.6,0.021643287
0.6,0.6,0.6,0.6,0.6,0.6,0.6,0.6,0.6,0.6,0.6,0.052905812
0.6,0.6,0.6,0.6,0.6,0.6,0.6,0.6,0.6,0.6,0.6,0.084168337
0.6,0.6,0.6,0.6,0.6,0.6,0.6,0.6,0.6,0.6,0.6,0.115430862
0.6,0.6,0.6,0.6,0.6,0.6,0.6,0.6,0.6,0.6,0.6,0.146693387
0.6,0.6,0.6,0.6,0.6,0.6,0.6,0.6,0.6,0.6,0.6,0.177955912
0.6,0.6,0.6,0.6,0.6,0.6,0.6,0.6,0.6,0.6,0.6,0.209218437
0.6,0.6,0.6,0.6,0.6,0.6,0.6,0.6,0.6,0.6,0.6,0.240480962
0.6,0.6,0.6,0.6,0.6,0.6,0.6,0.6,0.6,0.6,0.6,0.271743487
0.6,0.6,0.6,0.6,0.6,0.6,0.6,0.6,0.6,0.6,0.6,0.303006012
0.6,0.6,0.6,0.6,0.6,0.6,0.6,0.6,0.6,0.6,0.6,0.334268537
0.6,0.6,0.6,0.6,0.6,0.6,0.6,0.6,0.6,0.6,0.6,0.365531062
0.6,0.6,0.6,0.6,0.6,0.6,0.6,0.6,0.6,0.6,0.6,0.396793587
0.6,0.6,0.6,0.6,0.6,0.6,0.6,0.6,0.6,0.6,0.6,0.428056112
0.6,0.6,0.6,0.6,0.6,0.6,0.6,0.6,0.6,0.6,0.6,0.459318638
0.6,0.6,0.6,0.6,0.6,0.6,0.6,0.6,0.6,0.6,0.6,0.490581163
0.6,0.6,0.6,0.6,0.6,0.6,0.6,0.6,0.6,0.6,0.6,0.521843688
0.6,0.6,0.6,0.6,0.6,0.6,0.6,0.6,0.6,0.6,0.6,0.553106213
0.6,0.6,0.6,0.6,0.6,0.6,0.6,0.6,0.6,0.6,0.6,0.584368738
0.6,0.6,0.6,0.6,0.6,0.6,0.6,0.6,0.6,0.6,0.6,0.6
0.6,0.6,0.6,0.6,0.6,0.6,0.6,0.6,0.6,0.6,0.6,0.6
0.6,0.6,0.6,0.6,0.6,0.6,0.6,0.6,0.6,0.6,0.6,0.6
0.6,0.6,0.6,0.6,0.6,0.6,0.6,0.6,0.6,0.6,0.6,0.6
0.6,0.6,0.6,0.6,0.6,0.6,0.6,0.6,0.6,0.6,0.6,0.6
0.6,0.6,0.6,0.6,0.6,0.6,0.6,0.6,0.6,0.6,0.6,0.6
0.6,0.6,0.6,0.6,0.6,0.6,0.6,0.6,0.6,0.6,0.6,0.6
0.6,0.6,0.6,0.6,0.6,0.6,0.6,0.6,0.6,0.6,0.6,0.6
0.6,0.6,0.6,0.6,0.6,0.6,0.6,0.6,0.6,0.6,0.6,0.6
0.6,0.6,0.6,0.6,0.6,0.6,0.6,0.6,0.6,0.6,0.6,0.6
0.6,0.6,0.6,0.6,0.6,0.6,0.6,0.6,0.6,0.6,0.6,0.6
0.6,0.6,0.6,0.6,0.6,0.6,0.6,0.6,0.6,0.6,0.6,0.6
0.6,0.6,0.6,0.6,0.6,0.6,0.6,0.6,0.6,0.6,0.6,0.6
0.6,0.6,0.6,0.6,0.6,0.6,0.6,0.6,0.6,0.6,0.6,0.6
0.6,0.6,0.6,0.6,0.6,0.6,0.6,0.6,0.6,0.6,0.6,0.6
0.6,0.6,0.6,0.6,0.6,0.6,0.6,0.6,0.6,0.6,0.6,0.6
0.6,0.6,0.6,0.6,0.6,0.6,0.6,0.6,0.6,0.6,0.6,0.6
0.6,0.6,0.6,0.6,0.6,0.6,0.6,0.6,0.6,0.6,0.6,0.6
0.6,0.6,0.6,0.6,0.6,0.6,0.6,0.6,0.6,0.6,0.6,0.6
0.6,0.6,0.6,0.6,0.6,0.6,0.6,0.6,0.6,0.6,0.6,0.590380762
0.6,0.6,0.6,0.6,0.6,0.6,0.6,0.6,0.6,0.6,0.6,0.559118237
0.6,0.6,0.6,0.6,0.6,0.6,0.6,0.6,0.6,0.6,0.6,0.527855712
0.6,0.6,0.6,0.6,0.6,0.6,0.6,0.6,0.6,0.6,0.6,0.496593187
0.6,0.6,0.6,0.6,0.6,0.6,0.6,0.6,0.6,0.6,0.6,0.465330662
0.6,0.6,0.6,0.6,0.6,0.6,0.6,0.6,0.6,0.6,0.6,0.434068137
0.6,0.6,0.6,0.6,0.6,0.6,0.6,0.6,0.6,0.6,0.6,0.402805611
0.6,0.6,0.6,0.6,0.6,0.6,0.6,0.6,0.6,0.6,0.6,0.371543086
0.6,0.6,0.6,0.6,0.6,0.6,0.6,0.6,0.6,0.6,0.6,0.340280561
0.6,0.6,0.6,0.6,0.6,0.6,0.6,0.6,0.6,0.6,0.6,0.309018036
0.6,0.6,0.6,0.6,0.6,0.6,0.6,0.6,0.6,0.6,0.6,0.277755511
0.6,0.6,0.6,0.6,0.6,0.6,0.6,0.6,0.6,0.6,0.6,0.246492986
0.6,0.6,0.6,0.6,0.6,0.6,0.6,0.6,0.6,0.6,0.6,0.215230461
0.6,0.6,0.6,0.6,0.6,0.6,0.6,0.6,0.6,0.6,0.6,0.183967936
0.6,0.6,0.6,0.6,0.6,0.6,0.6,0.6,0.6,0.6,0.6,0.152705411
0.6,0.6,0.6,0.6,0.6,0.6,0.6,0.6,0.6,0.6,0.6,0.121442886
0.6,0.6,0.6,0.6,0.6,0.6,0.6,0.6,0.6,0.6,0.6,0.090180361
0.6,0.6,0.6,0.6,0.6,0.6,0.6,0.6,0.6,0.6,0.6,0.058917836
0.6,0.6,0.6,0.6,0.6,0.6,0.6,0.6,0.6,0.6,0.6,0.027655311
0.6,0.6,0.6,0.6,0.6,0.6,0.6,0.6,0.6,0.6,0.596392786,0
0.6,0.6,0.6,0.6,0.6,0.6,0.6,0.6,0.6,0.6,0.565130261,0
0.6,0.6,0.6,0.6,0.6,0.6,0.6,0.6,0.6,0.6,0.533867736,0
0.6,0.6,0.6,0.6,0.6,0.6,0.6,0.6,0.6,0.6,0.502605211,0
0.6,0.6,0.6,0.6,0.6,0.6,0.6,0.6,0.6,0.6,0.471342686,0
0.6,0.6,0.6,0.6,0.6,0.6,0.6,0.6,0.6,0.6,0.440080161,0
0.6,0.6,0.6,0.6,0.6,0.6,0.6,0.6,0.6,0.6,0.408817636,0
0.6,0.6,0.6,0.6,0.6,0.6,0.6,0.6,0.6,0.6,0.37755511,0
0.6,0.6,0.6,0.6,0.6,0.6,0.6,0.6,0.6,0.6,0.346292585,0
0.6,0.6,0.6,0.6,0.6,0.6,0.6,0.6,0.6,0.6,0.31503006,0
0.6,0.6,0.6,0.6,0.6,0.6,0.6,0.6,0.6,0.6,0.283767535,0
0.6,0.6,0.6,0.6,0.6,0.6,0.6,0.6,0.6,0.6,0.25250501,0
0.6,0.6,0.6,0.6,0.6,0.6,0.6,0.6,0.6,0.6,0.221242485,0
0.6,0.6,0.6,0.6,0.6,0.6,0.6,0.6,0.6,0.6,0.18997996,0
0.6,0.6,0.6,0.6,0.6,0.6,0.6,0.6,0.6,0.6,0.158717435,0
0.6,0.6,0.6,0.6,0.6,0.6,0.6,0.6,0.6,0.6,0.12745491,0
0.6,0.6,0.6,0.6,0.6,0.6,0.6,0.6,0.6,0.6,0.096192385,0
0.6,0.6,0.6,0.6,0.6,0.6,0.6,0.6,0.6,0.6,0.06492986,0
0.6,0.6,0.6,0.6,0.6,0.6,0.6,0.6,0.6,0.6,0.033667335,0
0.6,0.6,0.6,0.6,0.6,0.6,0.6,0.6,0.6,0.6,0.00240481,0
0.6,0.6,0.6,0.6,0.6,0.6,0.6,0.6,0.6,0.571142285,0,0
0.6,0.6,0.6,0.6,0.6,0.6,0.6,0.6,0.6,0.53987976,0,0
0.6,0.6,0.6,0.6,0.6,0.6,0.6,0.6,0.6,0.508617235,0,0
0.6,0.6,0.6,0.6,0.6,0.6,0.6,0.6,0.6,0.47735471,0,0
0.6,0.6,0.6,0.6,0.6,0.6,0.6,0.6,0.6,0.446092185,0,0
0.6,0.6,0.6,0.6,0.6,0.6,0.6,0.6,0.6,0.41482966,0,0
0.6,0.6,0.6,0.6,0.6,0.6,0.6,0.6,0.6,0.383567135,0,0
0.6,0.6,0.6,0.6,0.6,0.6,0.6,0.6,0.6,0.352304609,0,0
0.6,0.6,0.6,0.6,0.6,0.6,0.6,0.6,0.6,0.321042084,0,0
0.6,0.6,0.6,0.6,0.6,0.6,0.6,0.6,0.6,0.289779559,0,0
0.6,0.6,0.6,0.6,0.6,0.6,0.6,0.6,0.6,0.258517034,0,0
0.6,0.6,0.6,0.6,0.6,0.6,0.6,0.6,0.6,0.227254509,0,0
0.6,0.6,0.6,0.6,0.6,0.6,0.6,0.6,0.6,0.195991984,0,0
0.6,0.6,0.6,0.6,0.6,0.6,0.6,0.6,0.6,0.164729459,0,0
0.6,0.6,0.6,0.6,0.6,0.6,0.6,0.6,0.6,0.133466934,0,0
0.6,0.6,0.6,0.6,0.6,0.6,0.6,0.6,0.6,0.102204409,0,0
0.6,0.6,0.6,0.6,0.6,0.6,0.6,0.6,0.6,0.070941884,0,0
0.6,0.6,0.6,0.6,0.6,0.6,0.6,0.6,0.6,0.039679359,0,0
0.6,0.6,0.6,0.6,0.6,0.6,0.6,0.6,0.6,0.008416834,0,0
0.6,0.6,0.6,0.6,0.6,0.6,0.6,0.6,0.577154309,0,0,0
0.6,0.6,0.6,0.6,0.6,0.6,0.6,0.6,0.545891784,0,0,0
0.6,0.6,0.6,0.6,0.6,0.6,0.6,0.6,0.514629259,0,0,0
0.6,0.6,0.6,0.6,0.6,0.6,0.6,0.6,0.483366734,0,0,0
0.6,0.6,0.6,0.6,0.6,0.6,0.6,0.6,0.452104209,0,0,0
0.6,0.6,0.6,0.6,0.6,0.6,0.6,0.6,0.420841684,0,0,0
0.6,0.6,0.6,0.6,0.6,0.6,0.6,0.6,0.389579159,0,0,0
0.6,0.6,0.6,0.6,0.6,0.6,0.6,0.6,0.358316634,0,0,0
0.6,0.6,0.6,0.6,0.6,0.6,0.6,0.6,0.327054108,0,0,0
0.6,0.6,0.6,0.6,0.6,0.6,0.6,0.6,0.295791583,0,0,0
0.6,0.6,0.6,0.6,0.6,0.6,0.6,0.6,0.264529058,0,0,0
0.6,0.6,0.6,0.6,0.6,0.6,0.6,0.6,0.233266533,0,0,0
0.6,0.6,0.6,0.6,0.6,0.6,0.6,0.6,0.202004008,0,0,0
0.6,0.6,0.6,0.6,0.6,0.6,0.6,0.6,0.170741483,0,0,0
0.6,0.6,0.6,0.6,0.6,0.6,0.6,0.6,0.139478958,0,0,0
0.6,0.6,0.6,0.6,0.6,0.6,0.6,0.6,0.108216433,0,0,0
0.6,0.6,0.6,0.6,0.6,0.6,0.6,0.6,0.076953908,0,0,0
0.6,0.6,0.6,0.6,0.6,0.6,0.6,0.6,0.045691383,0,0,0
0.6,0.6,0.6,0.6,0.6,0.6,0.6,0.6,0.014428858,0,0,0
0.6,0.6,0.6,0.6,0.6,0.6,0.6,0.583166333,0,0,0,0
0.6,0.6,0.6,0.6,0.6,0.6,0.6,0.551903808,0,0,0,0
0.6,0.6,0.6,0.6,0.6,0.6,0.6,0.520641283,0,0,0,0
0.6,0.6,0.6,0.6,0.6,0.6,0.6,0.489378758,0,0,0,0
0.6,0.6,0.6,0.6,0.6,0.6,0.6,0.458116233,0,0,0,0
0.6,0.6,0.6,0.6,0.6,0.6,0.6,0.426853708,0,0,0,0
0.6,0.6,0.6,0.6,0.6,0.6,0.6,0.395591183,0,0,0,0
0.6,0.6,0.6,0.6,0.6,0.6,0.6,0.364328658,0,0,0,0
0.6,0.6,0.6,0.6,0.6,0.6,0.6,0.333066133,0,0,0,0
0.6,0.6,0.6,0.6,0.6,0.6,0.6,0.301803607,0,0,0,0
0.6,0.6,0.6,0.6,0.6,0.6,0.6,0.270541082,0,0,0,0
0.6,0.6,0.6,0.6,0.6,0.6,0.6,0.239278557,0,0,0,0
0.6,0.6,0.6,0.6,0.6,0.6,0.6,0.208016032,0,0,0,0
0.6,0.6,0.6,0.6,0.6,0.6,0.6,0.176753507,0,0,0,0
0.6,0.6,0.6,0.6,0.6,0.6,0.6,0.145490982,0,0,0,0
0.6,0.6,0.6,0.6,0.6,0.6,0.6,0.114228457,0,0,0,0
0.6,0.6,0.6,0.6,0.6,0.6,0.6,0.082965932,0,0,0,0
0.6,0.6,0.6,0.6,0.6,0.6,0.6,0.051703407,0,0,0,0
0.6,0.6,0.6,0.6,0.6,0.6,0.6,0.020440882,0,0,0,0
0.6,0.6,0.6,0.6,0.6,0.6,0.589178357,0,0,0,0,0
0.6,0.6,0.6,0.6,0.6,0.6,0.557915832,0,0,0,0,0
0.6,0.6,0.6,0.6,0.6,0.6,0.526653307,0,0,0,0,0
0.6,0.6,0.6,0.6,0.6,0.6,0.495390782,0,0,0,0,0
0.6,0.6,0.6,0.6,0.6,0.6,0.464128257,0,0,0,0,0
0.6,0.6,0.6,0.6,0.6,0.6,0.432865732,0,0,0,0,0
0.6,0.6,0.6,0.6,0.6,0.6,0.401603207,0,0,0,0,0
0.6,0.6,0.6,0.6,0.6,0.6,0.370340682,0,0,0,0,0
0.6,0.6,0.6,0.6,0.6,0.6,0.339078157,0,0,0,0,0
0.6,0.6,0.6,0.6,0.6,0.6,0.307815632,0,0,0,0,0
0.6,0.6,0.6,0.6,0.6,0.6,0.276553106,0,0,0,0,0
0.6,0.6,0.6,0.6,0.6,0.6,0.245290581,0,0,0,0,0
0.6,0.6,0.6,0.6,0.6,0.6,0.214028056,0,0,0,0,0
0.6,0.6,0.6,0.6,0.6,0.6,0.182765531,0,0,0,0,0
0.6,0.6,0.6,0.6,0.6,0.6,0.151503006,0,0,0,0,0
0.6,0.6,0.6,0.6,0.6,0.6,0.120240481,0,0,0,0,0
0.6,0.6,0.6,0.6,0.6,0.6,0.088977956,0,0,0,0,0
0.6,0.6,0.6,0.6,0.6,0.6,0.057715431,0,0,0,0,0
0.6,0.6,0.6,0.6,0.6,0.6,0.026452906,0,0,0,0,0
0.6,0.6,0.6,0.6,0.6,0.595190381,0,0,0,0,0,0
0.6,0.6,0.6,0.6,0.6,0.563927856,0,0,0,0,0,0
0.6,0.6,0.6,0.6,0.6,0.532665331,0,0,0,0,0,0
0.6,0.6,0.6,0.6,0.6,0.501402806,0,0,0,0,0,0
0.6,0.6,0.6,0.6,0.6,0.470140281,0,0,0,0,0,0
0.6,0.6,0.6,0.6,0.6,0.438877756,0,0,0,0,0,0
0.6,0.6,0.6,0.6,0.6,0.407615231,0,0,0,0,0,0
0.6,0.6,0.6,0.6,0.6,0.376352706,0,0,0,0,0,0
0.6,0.6,0.6,0.6,0.6,0.345090181,0,0,0,0,0,0
0.6,0.6,0.6,0.6,0.6,0.313827656,0,0,0,0,0,0
0.6,0.6,0.6,0.6,0.6,0.282565131,0,0,0,0,0,0
0.6,0.6,0.6,0.6,0.6,0.251302605,0,0,0,0,0,0
0.6,0.6,0.6,0.6,0.6,0.22004008,0,0,0,0,0,0
0.6,0.6,0.6,0.6,0.6,0.188777555,0,0,0,0,0,0
0.6,0.6,0.6,0.6,0.6,0.15751503,0,0,0,0,0,0
0.6,0.6,0.6,0.6,0.6,0.126252505,0,0,0,0,0,0
0.6,0.6,0.6,0.6,0.6,0.09498998,0,0,0,0,0,0
0.6,0.6,0.6,0.6,0.6,0.063727455,0,0,0,0,0,0
0.6,0.6,0.6,0.6,0.6,0.03246493,0,0,0,0,0,0
0.6,0.6,0.6,0.6,0.6,0.001202405,0,0,0,0,0,0
0.6,0.6,0.6,0.6,0.56993988,0,0,0,0,0,0,0
0.6,0.6,0.6,0.6,0.538677355,0,0,0,0,0,0,0
0.6,0.6,0.6,0.6,0.50741483,0,0,0,0,0,0,0
0.6,0.6,0.6,0.6,0.476152305,0,0,0,0,0,0,0
0.6,0.6,0.6,0.6,0.44488978,0,0,0,0,0,0,0
0.6,0.6,0.6,0.6,0.413627255,0,0,0,0,0,0,0
0.6,0.6,0.6,0.6,0.38236473,0,0,0,0,0,0,0
0.6,0.6,0.6,0.6,0.351102205,0,0,0,0,0,0,0
0.6,0.6,0.6,0.6,0.31983968,0,0,0,0,0,0,0
0.6,0.6,0.6,0.6,0.288577155,0,0,0,0,0,0,0
0.6,0.6,0.6,0.6,0.25731463,0,0,0,0,0,0,0
0.6,0.6,0.6,0.6,0.226052104,0,0,0,0,0,0,0
0.6,0.6,0.6,0.6,0.194789579,0,0,0,0,0,0,0
0.6,0.6,0.6,0.6,0.163527054,0,0,0,0,0,0,0
0.6,0.6,0.6,0.6,0.132264529,0,0,0,0,0,0,0
0.6,0.6,0.6,0.6,0.101002004,0,0,0,0,0,0,0
0.6,0.6,0.6,0.6,0.069739479,0,0,0,0,0,0,0
0.6,0.6,0.6,0.6,0.038476954,0,0,0,0,0,0,0
0.6,0.6,0.6,0.6,0.007214429,0,0,0,0,0,0,0
0.6,0.6,0.6,0.575951904,0,0,0,0,0,0,0,0
0.6,0.6,0.6,0.544689379,0,0,0,0,0,0,0,0
0.6,0.6,0.6,0.513426854,0,0,0,0,0,0,0,0
0.6,0.6,0.6,0.482164329,0,0,0,0,0,0,0,0
0.6,0.6,0.6,0.450901804,0,0,0,0,0,0,0,0
0.6,0.6,0.6,0.419639279,0,0,0,0,0,0,0,0
0.6,0.6,0.6,0.388376754,0,0,0,0,0,0,0,0
0.6,0.6,0.6,0.357114229,0,0,0,0,0,0,0,0
0.6,0.6,0.6,0.325851704,0,0,0,0,0,0,0,0
0.6,0.6,0.6,0.294589179,0,0,0,0,0,0,0,0
0.6,0.6,0.6,0.263326654,0,0,0,0,0,0,0,0
0.6,0.6,0.6,0.232064129,0,0,0,0,0,0,0,0
0.6,0.6,0.6,0.200801603,0,0,0,0,0,0,0,0
0.6,0.6,0.6,0.169539078,0,0,0,0,0,0,0,0
0.6,0.6,0.6,0.138276553,0,0,0,0,0,0,0,0
0.6,0.6,0.6,0.107014028,0,0,0,0,0,0,0,0
0.6,0.6,0.6,0.075751503,0,0,0,0,0,0,0,0
0.6,0.6,0.6,0.044488978,0,0,0,0,0,0,0,0
0.6,0.6,0.6,0.013226453,0,0,0,0,0,0,0,0
0.6,0.6,0.581963928,0,0,0,0,0,0,0,0,0
0.6,0.6,0.550701403,0,0,0,0,0,0,0,0,0
0.6,0.6,0.519438878,0,0,0,0,0,0,0,0,0
0.6,0.6,0.488176353,0,0,0,0,0,0,0,0,0
0.6,0.6,0.456913828,0,0,0,0,0,0,0,0,0
0.6,0.6,0.425651303,0,0,0,0,0,0,0,0,0
0.6,0.6,0.394388778,0,0,0,0,0,0,0,0,0
0.6,0.6,0.363126253,0,0,0,0,0,0,0,0,0
0.6,0.6,0.331863728,0,0,0,0,0,0,0,0,0
0.6,0.6,0.300601203,0,0,0,0,0,0,0,0,0
0.6,0.6,0.269338678,0,0,0,0,0,0,0,0,0
0.6,0.6,0.238076153,0,0,0,0,0,0,0,0,0
0.6,0.6,0.206813628,0,0,0,0,0,0,0,0,0
0.6,0.6,0.175551102,0,0,0,0,0,0,0,0,0
0.6,0.6,0.144288577,0,0,0,0,0,0,0,0,0
0.6,0.6,0.113026052,0,0,0,0,0,0,0,0,0
0.6,0.6,0.081763527,0,0,0,0,0,0,0,0,0
0.6,0.6,0.050501002,0,0,0,0,0,0,0,0,0
0.6,0.6,0.019238477,0,0,0,0,0,0,0,0,0
0.6,0.587975952,0,0,0,0,0,0,0,0,0,0
0.6,0.556713427,0,0,0,0,0,0,0,0,0,0
0.6,0.525450902,0,0,0,0,0,0,0,0,0,0
0.6,0.494188377,0,0,0,0,0,0,0,0,0,0
0.6,0.462925852,0,0,0,0,0,0,0,0,0,0
0.6,0.431663327,0,0,0,0,0,0,0,0,0,0
0.6,0.400400802,0,0,0,0,0,0,0,0,0,0
0.6,0.369138277,0,0,0,0,0,0,0,0,0,0
0.6,0.337875752,0,0,0,0,0,0,0,0,0,0
0.6,0.306613227,0,0,0,0,0,0,0,0,0,0
0.6,0.275350702,0,0,0,0,0,0,0,0,0,0
0.6,0.244088177,0,0,0,0,0,0,0,0,0,0
0.6,0.212825652,0,0,0,0,0,0,0,0,0,0
0.6,0.181563127,0,0,0,0,0,0,0,0,0,0
0.6,0.150300601,0,0,0,0,0,0,0,0,0,0
0.6,0.119038076,0,0,0,0,0,0,0,0,0,0
0.6,0.087775551,0,0,0,0,0,0,0,0,0,0
0.6,0.056513026,0,0,0,0,0,0,0,0,0,0
0.6,0.025250501,0,0,0,0,0,0,0,0,0,0
0.593987976,0,0,0,0,0,0,0,0,0,0,0
0.562725451,0,0,0,0,0,0,0,0,0,0,0
0.531462926,0,0,0,0,0,0,0,0,0,0,0
0.500200401,0,0,0,0,0,0,0,0,0,0,0
0.468937876,0,0,0,0,0,0,0,0,0,0,0
0.437675351,0,0,0,0,0,0,0,0,0,0,0
0.406412826,0,0,0,0,0,0,0,0,0,0,0
0.375150301,0,0,0,0,0,0,0,0,0,0,0
0.343887776,0,0,0,0,0,0,0,0,0,0,0
0.312625251,0,0,0,0,0,0,0,0,0,0,0
0.281362726,0,0,0,0,0,0,0,0,0,0,0
0.250100201,0,0,0,0,0,0,0,0,0,0,0
0.218837676,0,0,0,0,0,0,0,0,0,0,0
0.187575151,0,0,0,0,0,0,0,0,0,0,0
0.156312626,0,0,0,0,0,0,0,0,0,0,0
0.1250501,0,0,0,0,0,0,0,0,0,0,0
0.093787575,0,0,0,0,0,0,0,0,0,0,0
0.06252505,0,0,0,0,0,0,0,0,0,0,0
0.031262525,0,0,0,0,0,0,0,0,0,0,0
0,0,0,0,0,0,0,0,0,0,0,0